Workbook

Sheet START_HERE
A1: PRODUCTION SYSTEM PLAYBOOK | Editable Excel Workbook
A3: Purpose
A4: A working template for comparing three production-flow designs and testing how quality and maintenance policies affect throughput, lead time, downtime, defects, and total system performance.
A7: Important modelling note
A8: All initial values are illustrative, not factory data. Replace blue-font input cells with measured values. The workbook uses an event-time flow-shop approximation for Scenario 1, a two-resource parallel-stage approximation for Scenario 2, and parallel branches merging before final assembly for Scenario 3. Scenario 2/3 routing is an explicit simplified assumption and must be adapted to the real process.
A12: Workbook map
A13: Inputs | B13: Editable process times, demand, due date, policy parameters, and uncertainty assumptions.
A14: Scenario_1 | B14: Sequential route with overlapping flow between units; calculated schedule and Gantt chart.
A15: Scenario_2 | B15: Parallel resources at the assembly bottleneck; routing allocation and schedule chart.
A16: Scenario_3 | B16: Two parallel branches that merge at final assembly; branch and assembly Gantt chart.
A17: Policy_Experiments | B17: Compare combinations of quality and maintenance strategies across scenarios.
A18: KPI_Dashboard | B18: Scenario KPI summary with charts for cycle time, throughput, downtime, defects, and cost.
A19: Equations | B19: Definitions, scheduling equations, modelling assumptions, and limits.
A22: Recommended workflow
A23: 1. Replace the illustrative station times and policy assumptions in Inputs.
A24: 2. Adapt the route and operation names to the actual product and production line.
A25: 3. Inspect each scenario's schedule and Gantt chart; verify the precedence and resource constraints.
A26: 4. Adjust the quality/maintenance policy parameters in Policy_Experiments.
A27: 5. Review KPI_Dashboard and document assumptions, calibration evidence, and validation results.

Sheet Inputs
A1: INPUTS | Editable Assumptions
A3: Blue font = editable input. Values below are illustrative only.
A4: Parameter | B4: Symbol | C4: Value | D4: Unit | E4: Purpose / note | F4: Input type
A5: M1 – Initial preparation | B5: p_M1 | C5: 6 | D5: min/unit | E5: Scenario 1 base processing time | F5: Measured / assumed
A6: M2 – Assembly | B6: p_M2 | C6: 8 | D6: min/unit | E6: Scenario 1 base processing time; illustrative bottleneck | F6: Measured / assumed
A7: M3 – Inspection/test | B7: p_M3 | C7: 4 | D7: min/unit | E7: Base processing time; policy adds inspection time | F7: Measured / assumed
A8: M4 – Finishing/packing | B8: p_M4 | C8: 3 | D8: min/unit | E8: Base processing time | F8: Measured / assumed
A9: Batch size | B9: N | C9: 3 | D9: units | E9: Number of units in the demo batch | F9: User input
A10: Target good units | B10: D_good | C10: 3 | D10: units | E10: Demand target for KPI calculations | F10: User input
A11: Due time for batch | B11: Due | C11: 33 | D11: min | E11: Illustrative batch due time measured from time zero | F11: User input
A12: Scenario 2 parallel resource M2-A | B12: p_M2A | C12: 8 | D12: min/unit | E12: Parallel-stage processing time | F12: Measured / assumed
A13: Scenario 2 parallel resource M2-B | B13: p_M2B | C13: 8 | D13: min/unit | E13: Parallel-stage processing time | F13: Measured / assumed
A14: Scenario 3 branch A | B14: p_A | C14: 6 | D14: min/unit | E14: Branch A processing time | F14: Measured / assumed
A15: Scenario 3 branch B | B15: p_B | C15: 8 | D15: min/unit | E15: Branch B processing time | F15: Measured / assumed
A16: Scenario 3 final assembly | B16: p_FA | C16: 5 | D16: min/unit | E16: Merge/assembly processing time | F16: Measured / assumed
... A35: Production value per good unit | B35: v_good | C35: 50 | D35: cost units/unit | E35: Used only in illustrative contribution KPI | F35: Policy parameter

Sheet Scenario_1
A1: SCENARIO 1 | Flow shop with overlapping units
A3: Editable schedule structure; times are formulas linked to Inputs. Change assumptions in Inputs, not formula cells.
A4: Unit | B4: Operation / resource | C4: Base duration (min) | D4: Start (min) | E4: End (min) | F4: Maintenance delay (min) | G4: Quality / rework allowance (min) | H4: Total effective duration | I4: Gantt label
A5: U1 | B5: M1 – Preparation | C5: =Inputs!$C$5 | D5: 0 | E5: =D5+H5 | F5: =0 | G5: =0 | H5: =C5+F5+G5 | I5: =A5&" | "&B5
A6: U1 | B6: M2 – Assembly | C6: =Inputs!$C$6 | D6: =E5 | E6: =D6+H6 | F6: =0 | G6: =0 | H6: =C6+F6+G6 | I6: =A6&" | "&B6
A7: U1 | B7: M3 – Inspection/test | C7: =Inputs!$C$7 | D7: =E6 | E7: =D7+H7 | F7: =0 | G7: =0 | H7: =C7+F7+G7 | I7: =A7&" | "&B7
A8: U1 | B8: M4 – Finishing/packing | C8: =Inputs!$C$8 | D8: =E7 | E8: =D8+H8 | F8: =0 | G8: =0 | H8: =C8+F8+G8 | I8: =A8&" | "&B8
A9: U2 | B9: M1 – Preparation | C9: =Inputs!$C$5 | D9: =E5 | E9: =D9+H9 | F9: =0 | G9: =0 | H9: =C9+F9+G9 | I9: =A9&" | "&B9
A10: U2 | B10: M2 – Assembly | C10: =Inputs!$C$6 | D10: =MAX(E6,E9) | E10: =D10+H10 | F10: =0 | G10: =0 | H10: =C10+F10+G10 | I10: =A10&" | "&B10
A11: U2 | B11: M3 – Inspection/test | C11: =Inputs!$C$7 | D11: =MAX(E7,E10) | E11: =D11+H11 | F11: =0 | G11: =0 | H11: =C11+F11+G11 | I11: =A11&" | "&B11
A12: U2 | B12: M4 – Finishing/packing | C12: =Inputs!$C$8 | D12: =MAX(E8,E11) | E12: =D12+H12 | F12: =0 | G12: =0 | H12: =C12+F12+G12 | I12: =A12&" | "&B12
A13: U3 | B13: M1 – Preparation | C13: =Inputs!$C$5 | D13: =E9 | E13: =D13+H13 | F13: =0 | G13: =0 | H13: =C13+F13+G13 | I13: =A13&" | "&B13
A14: U3 | B14: M2 – Assembly | C14: =Inputs!$C$6 | D14: =MAX(E10,E13) | E14: =D14+H14 | F14: =0 | G14: =0 | H14: =C14+F14+G14 | I14: =A14&" | "&B14
A15: U3 | B15: M3 – Inspection/test | C15: =Inputs!$C$7 | D15: =MAX(E11,E14) | E15: =D15+H15 | F15: =0 | G15: =0 | H15: =C15+F15+G15 | I15: =A15&" | "&B15
A16: U3 | B16: M4 – Finishing/packing | C16: =Inputs!$C$8 | D16: =MAX(E12,E15) | E16: =D16+H16 | F16: =0 | G16: =0 | H16: =C16+F16+G16 | I16: =A16&" | "&B16

Sheet Scenario_2
A1: SCENARIO 2 | Parallel resources at assembly
A3: Editable schedule structure; times are formulas linked to Inputs. Change assumptions in Inputs, not formula cells.
A4: Unit | B4: Operation / resource | C4: Base duration (min) | D4: Start (min) | E4: End (min) | F4: Maintenance delay (min) | G4: Quality / rework allowance (min) | H4: Total effective duration | I4: Gantt label
A5: U1 | B5: M1 – Preparation | C5: =Inputs!$C$5 | D5: =0 | E5: =D5+H5 | F5: =0 | G5: =0 | H5: =C5+F5+G5 | I5: =A5&" | "&B5
A6: U1 | B6: M2 – M2-A | C6: =Inputs!$C$12 | D6: =E5 | E6: =D6+H6 | F6: =0 | G6: =0 | H6: =C6+F6+G6 | I6: =A6&" | "&B6
A7: U1 | B7: M3 – Inspection/test | C7: =Inputs!$C$7 | D7: =E6 | E7: =D7+H7 | F7: =0 | G7: =0 | H7: =C7+F7+G7 | I7: =A7&" | "&B7
A8: U1 | B8: M4 – Finishing/packing | C8: =Inputs!$C$8 | D8: =E7 | E8: =D8+H8 | F8: =0 | G8: =0 | H8: =C8+F8+G8 | I8: =A8&" | "&B8
A9: U2 | B9: M1 – Preparation | C9: =Inputs!$C$5 | D9: =E5 | E9: =D9+H9 | F9: =0 | G9: =0 | H9: =C9+F9+G9 | I9: =A9&" | "&B9
A10: U2 | B10: M2 – M2-B | C10: =Inputs!$C$13 | D10: =E9 | E10: =D10+H10 | F10: =0 | G10: =0 | H10: =C10+F10+G10 | I10: =A10&" | "&B10
A11: U2 | B11: M3 – Inspection/test | C11: =Inputs!$C$7 | D11: =MAX(E10,E7) | E11: =D11+H11 | F11: =0 | G11: =0 | H11: =C11+F11+G11 | I11: =A11&" | "&B11
A12: U2 | B12: M4 – Finishing/packing | C12: =Inputs!$C$8 | D12: =MAX(E11,E8) | E12: =D12+H12 | F12: =0 | G12: =0 | H12: =C12+F12+G12 | I12: =A12&" | "&B12
A13: U3 | B13: M1 – Preparation | C13: =Inputs!$C$5 | D13: =E9 | E13: =D13+H13 | F13: =0 | G13: =0 | H13: =C13+F13+G13 | I13: =A13&" | "&B13
A14: U3 | B14: M2 – M2-A | C14: =Inputs!$C$12 | D14: =MAX(E13,E6) | E14: =D14+H14 | F14: =0 | G14: =0 | H14: =C14+F14+G14 | I14: =A14&" | "&B14
A15: U3 | B15: M3 – Inspection/test | C15: =Inputs!$C$7 | D15: =MAX(E14,E7) | E15: =D15+H15 | F15: =0 | G15: =0 | H15: =C15+F15+G15 | I15: =A15&" | "&B15
A16: U3 | B16: M4 – Finishing/packing | C16: =Inputs!$C$8 | D16: =MAX(E15,E8) | E16: =D16+H16 | F16: =0 | G16: =0 | H16: =C16+F16+G16 | I16: =A16&" | "&B16

Sheet Scenario_3
A1: SCENARIO 3 | Parallel branches merging at assembly
A3: Editable schedule structure; times are formulas linked to Inputs. Change assumptions in Inputs, not formula cells.
A4: Unit | B4: Operation / resource | C4: Base duration (min) | D4: Start (min) | E4: End (min) | F4: Maintenance delay (min) | G4: Quality / rework allowance (min) | H4: Total effective duration | I4: Gantt label
A5: U1 | B5: Branch A – Structure | C5: =Inputs!$C$14 | D5: =0 | E5: =D5+H5 | F5: =0 | G5: =Inputs!$C$21 | H5: =C5+F5+G5 | I5: =A5&" | "&B5
A6: U1 | B6: Branch B – Components | C6: =Inputs!$C$15 | D6: =0 | E6: =D6+H6 | F6: =0 | G6: =Inputs!$C$21 | H6: =C6+F6+G6 | I6: =A6&" | "&B6
A7: U1 | B7: Final assembly | C7: =Inputs!$C$16 | D7: =MAX(E5,E6) | E7: =D7+H7 | F7: =0 | G7: =0 | H7: =C7+F7+G7 | I7: =A7&" | "&B7
A8: U1 | B8: Final inspection | C8: =Inputs!$C$17 | D8: =E7 | E8: =D8+H8 | F8: =0 | G8: =Inputs!$C$20 | H8: =C8+F8+G8 | I8: =A8&" | "&B8
A9: U1 | B9: Packing | C9: =Inputs!$C$18 | D9: =E8 | E9: =D9+H9 | F9: =0 | G9: =0 | H9: =C9+F9+G9 | I9: =A9&" | "&B9
A10: U2 | B10: Branch A – Structure | C10: =Inputs!$C$14 | D10: =E5 | E10: =D10+H10 | F10: =0 | G10: =Inputs!$C$21 | H10: =C10+F10+G10 | I10: =A10&" | "&B10
A11: U2 | B11: Branch B – Components | C11: =Inputs!$C$15 | D11: =E6 | E11: =D11+H11 | F11: =0 | G11: =Inputs!$C$21 | H11: =C11+F11+G11 | I11: =A11&" | "&B11
A12: U2 | B12: Final assembly | C12: =Inputs!$C$16 | D12: =MAX(E10,E11,E7) | E12: =D12+H12 | F12: =0 | G12: =0 | H12: =C12+F12+G12 | I12: =A12&" | "&B12
A13: U2 | B13: Final inspection | C13: =Inputs!$C$17 | D13: =MAX(E12,E8) | E13: =D13+H13 | F13: =0 | G13: =Inputs!$C$20 | H13: =C13+F13+G13 | I13: =A13&" | "&B13
A14: U2 | B14: Packing | C14: =Inputs!$C$18 | D14: =MAX(E13,E9) | E14: =D14+H14 | F14: =0 | G14: =0 | H14: =C14+F14+G14 | I14: =A14&" | "&B14
A15: U3 | B15: Branch A – Structure | C15: =Inputs!$C$14 | D15: =E10 | E15: =D15+H15 | F15: =0 | G15: =Inputs!$C$21 | H15: =C15+F15+G15 | I15: =A15&" | "&B15
A16: U3 | B16: Branch B – Components | C16: =Inputs!$C$15 | D16: =E11 | E16: =D16+H16 | F16: =0 | G16: =Inputs!$C$21 | H16: =C16+F16+G16 | I16: =A16&" | "&B16
A17: U3 | B17: Final assembly | C17: =Inputs!$C$16 | D17: =MAX(E15,E16,E7) | E17: =D17+H17 | F17: =0 | G17: =0 | H17: =C17+F17+G17 | I17: =A17&" | "&B17
A18: U3 | B18: Final inspection | C18: =Inputs!$C$17 | D18: =MAX(E17,E8) | E18: =D18+H18 | F18: =0 | G18: =Inputs!$C$20 | H18: =C18+F18+G18 | I18: =A18&" | "&B18
A19: U3 | B19: Packing | C19: =Inputs!$C$18 | D19: =MAX(E18,E9) | E19: =D19+H19 | F19: =0 | G19: =0 | H19: =C19+F19+G19 | I19: =A19&" | "&B19

Sheet Policy_Experiments
A1: POLICY EXPERIMENTS | Quality × Maintenance × Production Flow
A3: This comparison table is a transparent expected-value screening model. It is not a discrete-event simulation; replace assumptions and later validate against plant observations.
A4: Experiment ID | B4: Production scenario | C4: Quality policy | D4: Maintenance policy | E4: Base batch time (min) | F4: Quality extra time (min) | G4: Expected rework time (min) | H4: Expected maintenance downtime (min) | I4: Estimated batch completion (min) | J4: Expected defect units | K4: Estimated good units | L4: Relative total cost | M4: Notes / assumption
A5: E1 | B5: Scenario 1 | C5: Standard | D5: Preventive | E5: ='Scenario_1'!E16 | F5: =Inputs!$C$19*Inputs!$C$9 | G5: =Inputs!$C$22*Inputs!$C$9*Inputs!$C$25 | H5: =Inputs!$C$26 | I5: =E5+F5+G5+H5 | J5: =Inputs!$C$22*Inputs!$C$9 | K5: =MAX(0,Inputs!$C$9-J5) | L5: =F5*Inputs!$C$32+G5*Inputs!$C$33+H5*Inputs!$C$29+MAX(0,I5-Inputs!$C$11)*Inputs!$C$34 | M5: Baseline; simplified additive expected-value calculation
A6: E2 | B6: Scenario 1 | C6: Risk-based | D6: Risk-based | E6: ='Scenario_1'!E16 | F6: =Inputs!$C$20*Inputs!$C$9 | G6: =Inputs!$C$23*Inputs!$C$9*Inputs!$C$25 | H6: =Inputs!$C$28 | I6: =E6+F6+G6+H6 | J6: =Inputs!$C$23*Inputs!$C$9 | K6: =MAX(0,Inputs!$C$9-J6) | L6: =F6*Inputs!$C$32+G6*Inputs!$C$33+H6*Inputs!$C$31+MAX(0,I6-Inputs!$C$11)*Inputs!$C$34 | M6: More inspection time; lower illustrative defect probability
A7: E3 | B7: Scenario 2 | C7: Risk-based | D7: Preventive | E7: ='Scenario_2'!E16 | F7: =Inputs!$C$20*Inputs!$C$9 | G7: =Inputs!$C$23*Inputs!$C$9*Inputs!$C$25 | H7: =Inputs!$C$26 | I7: =E7+F7+G7+H7 | J7: =Inputs!$C$23*Inputs!$C$9 | K7: =MAX(0,Inputs!$C$9-J7) | L7: =F7*Inputs!$C$32+G7*Inputs!$C$33+H7*Inputs!$C$29+MAX(0,I7-Inputs!$C$11)*Inputs!$C$34 | M7: Parallel assembly resource; simplified schedule approximation
A8: E4 | B8: Scenario 2 | C8: Standard | D8: Reactive | E8: ='Scenario_2'!E16 | F8: =Inputs!$C$19*Inputs!$C$9 | G8: =Inputs!$C$22*Inputs!$C$9*Inputs!$C$25 | H8: =Inputs!$C$27 | I8: =E8+F8+G8+H8 | J8: =Inputs!$C$22*Inputs!$C$9 | K8: =MAX(0,Inputs!$C$9-J8) | L8: =F8*Inputs!$C$32+G8*Inputs!$C$33+H8*Inputs!$C$30+MAX(0,I8-Inputs!$C$11)*Inputs!$C$34 | M8: Reactive maintenance; potentially higher downtime
A9: E5 | B9: Scenario 3 | C9: Source + final | D9: Risk-based | E9: ='Scenario_3'!E19 | F9: =Inputs!$C$21*Inputs!$C$9+Inputs!$C$20*Inputs!$C$9 | G9: =Inputs!$C$24*Inputs!$C$9*Inputs!$C$25 | H9: =Inputs!$C$28 | I9: =E9+F9+G9+H9 | J9: =Inputs!$C$24*Inputs!$C$9 | K9: =MAX(0,Inputs!$C$9-J9) | L9: =F9*Inputs!$C$32+G9*Inputs!$C$33+H9*Inputs!$C$31+MAX(0,I9-Inputs!$C$11)*Inputs!$C$34 | M9: Branch checks plus final inspection; timing is approximate
A10: E6 | B10: Scenario 3 | C10: Standard | D10: Reactive | E10: ='Scenario_3'!E19 | F10: =Inputs!$C$19*Inputs!$C$9 | G10: =Inputs!$C$22*Inputs!$C$9*Inputs!$C$25 | H10: =Inputs!$C$27 | I10: =E10+F10+G10+H10 | J10: =Inputs!$C$22*Inputs!$C$9 | K10: =MAX(0,Inputs!$C$9-J10) | L10: =F10*Inputs!$C$32+G10*Inputs!$C$33+H10*Inputs!$C$30+MAX(0,I10-Inputs!$C$11)*Inputs!$C$34 | M10: Standard inspection and reactive maintenance

Sheet KPI_Dashboard
A1: KPI DASHBOARD | Compare the three production designs
A3: Illustrative KPIs from base schedule; policy-experiment estimates are shown separately. Formula outputs update in Excel.
A4: Scenario | B4: Batch completion Cmax (min) | C4: Throughput (units/hour) | D4: Avg. flow time (min/unit) | E4: Planned base processing (min) | F4: Expected downtime (min) | G4: Expected defect rate | H4: Expected good units | I4: Due-date delay (min) | J4: Interpretation
A5: Scenario 1 | B5: ='Scenario_1'!E16 | C5: =IF(B5=0,0,Inputs!$C$9*60/B5) | D5: =B5/Inputs!$C$9 | E5: =SUM('Scenario_1'!C5:C16) | F5: =Inputs!$C$26 | G5: =Inputs!$C$22 | H5: =Inputs!$C$9*(1-G5) | I5: =MAX(0,B5-Inputs!$C$11) | J5: Reference flow shop
A6: Scenario 2 | B6: ='Scenario_2'!E16 | C6: =IF(B6=0,0,Inputs!$C$9*60/B6) | D6: =B6/Inputs!$C$9 | E6: =SUM('Scenario_2'!C5:C16) | F6: =Inputs!$C$26 | G6: =Inputs!$C$23 | H6: =Inputs!$C$9*(1-G6) | I6: =MAX(0,B6-Inputs!$C$11) | J6: Parallel assembly resources
A7: Scenario 3 | B7: ='Scenario_3'!E19 | C7: =IF(B7=0,0,Inputs!$C$9*60/B7) | D7: =B7/Inputs!$C$9 | E7: =SUM('Scenario_3'!C5:C19) | F7: =Inputs!$C$28 | G7: =Inputs!$C$24 | H7: =Inputs!$C$9*(1-G7) | I7: =MAX(0,B7-Inputs!$C$11) | J7: Parallel branches + merge

Sheet Equations
A1: EQUATIONS | Scheduling, flow logic, and KPI definitions
A3: Topic | B3: Equation / rule | C3: Symbols | D3: Use / limitation
A4: Flow-shop start time | B4: S(i,m) = MAX(C(i-1,m), C(i,m-1)) | C4: S: start; C: completion; i: unit; m: station | D4: Assumes fixed route and one unit processed per station at a time.
A5: Operation completion | B5: C(i,m) = S(i,m) + p(i,m) + d(i,m) + q(i,m) | C5: p: base process; d: maintenance interruption; q: quality / rework allowance | D5: Prefer explicit event modelling where downtime and rework are stochastic.
A6: Batch completion | B6: Cmax = MAX_i C(i,last operation) | C6: Cmax: final completion time | D6: Main makespan KPI.
A7: Parallel-resource assignment | B7: SUM_r y(i,r) = 1; y(i,r) ∈ {0,1} | C7: y: assignment of unit i to resource r | D7: Add resource non-overlap constraints; assignment alone is insufficient.
A8: Parallel-branch merge | B8: S(i,assembly) = MAX(C(i,A), C(i,B)) | C8: C(i,A), C(i,B): branch completion times | D8: Final assembly waits until both required branches are ready.
A9: Throughput | B9: Throughput = good units / elapsed time × 60 | C9: Units/hour if time is in minutes | D9: Use actual good units, not planned units, for empirical KPI.
A10: Defect rate | B10: Defect rate = defective units / total units inspected | C10: Defective units; inspected units | D10: Define whether units with rework count as defective or ultimately rejected.
A11: Availability (simple) | B11: Availability = Operating time / (Operating time + Downtime) | C11: Operating time; downtime | D11: Define planned maintenance treatment consistently.
A12: On-time delivery | B12: OTD = orders completed by due date / total completed orders | C12: Orders and due dates | D12: For a single batch, use a 0/1 outcome or lateness minutes.
A13: Total cost | B13: C_total = C_production + C_quality + C_maintenance + C_delay | C13: Cost components must be measured in a common currency | D13: Do not add non-comparable scores without normalization.
A14: Game-theoretic interaction | B14: U_k = f_k(system outcomes, local outcomes, strategy profile) | C14: k ∈ {P,Q,M} | D14: Nash equilibrium need not maximize system-wide performance.
... A16: Digital-twin maturity | B16: Model → verified simulation → calibrated model → validated digital twin | C16: Data, model, calibration and validation evidence | D16: Avoid claiming a validated digital twin before integration and validation.

Sheet Gantt_Data
A1: GANTT DATA | Extend this table for additional units and operations
A3: Scenario | B3: Unit | C3: Operation | D3: Start (min) | E3: Duration (min) | F3: End (min)
A4: Scenario 1 | B4: U1 | C4: M1 – Preparation | D4: ='Scenario_1'!D5 | E4: ='Scenario_1'!H5 | F4: ='Scenario_1'!E5
A5: Scenario 1 | B5: U1 | C5: M2 – Assembly | D5: ='Scenario_1'!D6 | E5: ='Scenario_1'!H6 | F5: ='Scenario_1'!E6
A6: Scenario 1 | B6: U1 | C6: M3 – Inspection/test | D6: ='Scenario_1'!D7 | E6: ='Scenario_1'!H7 | F6: ='Scenario_1'!E7
A7: Scenario 1 | B7: U1 | C7: M4 – Finishing/packing | D7: ='Scenario_1'!D8 | E7: ='Scenario_1'!H8 | F7: ='Scenario_1'!E8
A8: Scenario 1 | B8: U2 | C8: M1 – Preparation | D8: ='Scenario_1'!D9 | E8: ='Scenario_1'!H9 | F8: ='Scenario_1'!E9
A9: Scenario 1 | B9: U2 | C9: M2 – Assembly | D9: ='Scenario_1'!D10 | E9: ='Scenario_1'!H10 | F9: ='Scenario_1'!E10
A10: Scenario 1 | B10: U2 | C10: M3 – Inspection/test | D10: ='Scenario_1'!D11 | E10: ='Scenario_1'!H11 | F10: ='Scenario_1'!E11
A11: Scenario 1 | B11: U2 | C11: M4 – Finishing/packing | D11: ='Scenario_1'!D12 | E11: ='Scenario_1'!H12 | F11: ='Scenario_1'!E12
A12: Scenario 1 | B12: U3 | C12: M1 – Preparation | D12: ='Scenario_1'!D13 | E12: ='Scenario_1'!H13 | F12: ='Scenario_1'!E13
A13: Scenario 1 | B13: U3 | C13: M2 – Assembly | D13: ='Scenario_1'!D14 | E13: ='Scenario_1'!H14 | F13: ='Scenario_1'!E14
A14: Scenario 1 | B14: U3 | C14: M3 – Inspection/test | D14: ='Scenario_1'!D15 | E14: ='Scenario_1'!H15 | F14: ='Scenario_1'!E15
A15: Scenario 1 | B15: U3 | C15: M4 – Finishing/packing | D15: ='Scenario_1'!D16 | E15: ='Scenario_1'!H16 | F15: ='Scenario_1'!E16
A16: Scenario 2 | B16: U1 | C16: M1 – Preparation | D16: ='Scenario_2'!D5 | E16: ='Scenario_2'!H5 | F16: ='Scenario_2'!E5
A17: Scenario 2 | B17: U1 | C17: M2 – M2-A | D17: ='Scenario_2'!D6 | E17: ='Scenario_2'!H6 | F17: ='Scenario_2'!E6
A18: Scenario 2 | B18: U1 | C18: M3 – Inspection/test | D18: ='Scenario_2'!D7 | E18: ='Scenario_2'!H7 | F18: ='Scenario_2'!E7
A19: Scenario 2 | B19: U1 | C19: M4 – Finishing/packing | D19: ='Scenario_2'!D8 | E19: ='Scenario_2'!H8 | F19: ='Scenario_2'!E8
A20: Scenario 2 | B20: U2 | C20: M1 – Preparation | D20: ='Scenario_2'!D9 | E20: ='Scenario_2'!H9 | F20: ='Scenario_2'!E9
A21: Scenario 2 | B21: U2 | C21: M2 – M2-B | D21: ='Scenario_2'!D10 | E21: ='Scenario_2'!H10 | F21: ='Scenario_2'!E10
A22: Scenario 2 | B22: U2 | C22: M3 – Inspection/test | D22: ='Scenario_2'!D11 | E22: ='Scenario_2'!H11 | F22: ='Scenario_2'!E11
A23: Scenario 2 | B23: U2 | C23: M4 – Finishing/packing | D23: ='Scenario_2'!D12 | E23: ='Scenario_2'!H12 | F23: ='Scenario_2'!E12
A24: Scenario 2 | B24: U3 | C24: M1 – Preparation | D24: ='Scenario_2'!D13 | E24: ='Scenario_2'!H13 | F24: ='Scenario_2'!E13
A25: Scenario 2 | B25: U3 | C25: M2 – M2-A | D25: ='Scenario_2'!D14 | E25: ='Scenario_2'!H14 | F25: ='Scenario_2'!E14
A26: Scenario 2 | B26: U3 | C26: M3 – Inspection/test | D26: ='Scenario_2'!D15 | E26: ='Scenario_2'!H15 | F26: ='Scenario_2'!E15
A27: Scenario 2 | B27: U3 | C27: M4 – Finishing/packing | D27: ='Scenario_2'!D16 | E27: ='Scenario_2'!H16 | F27: ='Scenario_2'!E16
A28: Scenario 3 | B28: U1 | C28: Branch A – Structure | D28: ='Scenario_3'!D5 | E28: ='Scenario_3'!H5 | F28: ='Scenario_3'!E5
A29: Scenario 3 | B29: U1 | C29: Branch B – Components | D29: ='Scenario_3'!D6 | E29: ='Scenario_3'!H6 | F29: ='Scenario_3'!E6
A30: Scenario 3 | B30: U1 | C30: Final assembly | D30: ='Scenario_3'!D7 | E30: ='Scenario_3'!H7 | F30: ='Scenario_3'!E7
A31: Scenario 3 | B31: U1 | C31: Final inspection | D31: ='Scenario_3'!D8 | E31: ='Scenario_3'!H8 | F31: ='Scenario_3'!E8
A32: Scenario 3 | B32: U1 | C32: Packing | D32: ='Scenario_3'!D9 | E32: ='Scenario_3'!H9 | F32: ='Scenario_3'!E9
A33: Scenario 3 | B33: U2 | C33: Branch A – Structure | D33: ='Scenario_3'!D10 | E33: ='Scenario_3'!H10 | F33: ='Scenario_3'!E10
A34: Scenario 3 | B34: U2 | C34: Branch B – Components | D34: ='Scenario_3'!D11 | E34: ='Scenario_3'!H11 | F34: ='Scenario_3'!E11
A35: Scenario 3 | B35: U2 | C35: Final assembly | D35: ='Scenario_3'!D12 | E35: ='Scenario_3'!H12 | F35: ='Scenario_3'!E12
A36: Scenario 3 | B36: U2 | C36: Final inspection | D36: ='Scenario_3'!D13 | E36: ='Scenario_3'!H13 | F36: ='Scenario_3'!E13
A37: Scenario 3 | B37: U2 | C37: Packing | D37: ='Scenario_3'!D14 | E37: ='Scenario_3'!H14 | F37: ='Scenario_3'!E14
A38: Scenario 3 | B38: U3 | C38: Branch A – Structure | D38: ='Scenario_3'!D15 | E38: ='Scenario_3'!H15 | F38: ='Scenario_3'!E15
A39: Scenario 3 | B39: U3 | C39: Branch B – Components | D39: ='Scenario_3'!D16 | E39: ='Scenario_3'!H16 | F39: ='Scenario_3'!E16
... A42: Scenario 3 | B42: U3 | C42: Packing | D42: ='Scenario_3'!D19 | E42: ='Scenario_3'!H19 | F42: ='Scenario_3'!E19
